{"name":"My App","short_name":"my app","start_url":"/","icons":[{"src":"icons/manifest-icon-192.maskable.png","sizes":"192x192","type":"image/png","purpose":"any"},{"src":"icons/manifest-icon-192.maskable.png","sizes":"192x192","type":"image/png","purpose":"maskable"},{"src":"icons/manifest-icon-512.maskable.png","sizes":"512x512","type":"image/png","purpose":"any"},{"src":"icons/manifest-icon-512.maskable.png","sizes":"512x512","type":"image/png","purpose":"maskable"}],"theme_color":"#000000","background_color":"#FFFFFF","display":"fullscreen","orientation":"portrait"}